"id","pred"
"S_507_509",0.210456593343697
"S_507_511",0.140773631125511
"S_507_512",0.166546551950057
"S_507_521",0.171290351752955
"S_507_536",0.171195357564176
"S_507_538",0.57950746517683
"S_507_549",0.145435078166167
"S_507_553",0.591178354365715
"S_507_556",0.21151313381096
"S_507_559",0.153888778965181
"S_507_562",0.145188049766769
"S_507_569",0.190795644604071
"S_507_570",0.298382873240243
"S_507_577",0.144659098161389
"S_507_580",0.31176933310302
"S_507_592",0.147376498749858
"S_507_599",0.181075973334175
"S_507_607",0.145301189179835
"S_507_612",0.153565593793794
"S_507_628",0.153934422130518
"S_507_629",0.154192004341414
"S_507_636",0.146347519425881
"S_507_637",0.173237236516571
"S_507_640",0.147162288995836
"S_507_651",0.146812745193444
"S_507_658",0.224956292535312
"S_507_663",0.189584502975358
"S_507_666",0.162504396100011
"S_507_667",0.197743105995741
"S_507_670",0.158149084436929
"S_507_671",0.14103412707397
"S_507_686",0.563835899767377
"S_507_689",0.183501016113286
"S_507_694",0.184187892705625
"S_507_695",0.196871189675474
"S_507_698",0.20402802112675
"S_507_701",0.170011814223265
"S_507_702",0.185016299122738
"S_507_708",0.173164638126658
"S_507_720",0.148192028953582
"S_507_721",0.175774668254168
"S_507_722",0.150964867256371
"S_507_725",0.153690885141138
"S_507_731",0.145315567361862
"S_507_737",0.200504816283434
"S_507_754",0.158937700126101
"S_507_765",0.206812072005402
"S_507_779",0.200304368377098
"S_507_780",0.182191506938656
"S_507_783",0.164038260610266
"S_507_786",0.169208300192847
"S_507_790",0.151366026827288
"S_507_793",0.191998697102769
"S_507_802",0.177328635180689
"S_507_804",0.699056368300388
"S_507_810",0.142576037927287
"S_507_811",0.329600829269499
"S_507_825",0.142736329000194
"S_507_829",0.142254261227761
"S_507_830",0.14247247703813
"S_507_836",0.314955455317233
"S_507_842",0.421397025584406
"S_507_845",0.404583705319778
"S_507_846",0.216710175203135
"S_507_849",0.148078772686931
"S_507_850",0.52642360973962
"S_507_853",0.185194167649465
"S_509_511",0.147689846025166
"S_509_512",0.226618643293053
"S_509_521",0.216787561874923
"S_509_536",0.209888009258736
"S_509_538",0.755457186915622
"S_509_549",0.171890847994954
"S_509_553",0.681056201787437
"S_509_556",0.266906537171192
"S_509_559",0.188081255843243
"S_509_562",0.156502063789321
"S_509_569",0.240749298183637
"S_509_570",0.45255940431497
"S_509_577",0.158027596786736
"S_509_580",0.572751024679215
"S_509_592",0.17723317161039
"S_509_599",0.245167177483598
"S_509_607",0.155421684157552
"S_509_612",0.17135117603094
"S_509_628",0.170901924039993
"S_509_629",0.183900591042944
"S_509_636",0.164310497197866
"S_509_637",0.242441144899426
"S_509_640",0.166908930002334
"S_509_651",0.153530572703639
"S_509_658",0.293712839758776
"S_509_663",0.243278011494467
"S_509_666",0.199544713238976
"S_509_667",0.337483309818755
"S_509_670",0.17398197961054
"S_509_671",0.157147333618776
"S_509_686",0.7134116637654
"S_509_689",0.245176589349354
"S_509_694",0.279995938170743
"S_509_695",0.237916948007743
"S_509_698",0.23362853595834
"S_509_701",0.194534520660035
"S_509_702",0.241140713923564
"S_509_708",0.212553090822922
"S_509_720",0.169050217249375
"S_509_721",0.20187463918024
"S_509_722",0.170265187645382
"S_509_725",0.19747206492034
"S_509_731",0.166426483917148
"S_509_737",0.228832144743538
"S_509_754",0.192994401002403
"S_509_765",0.317337013981128
"S_509_779",0.232670335331223
"S_509_780",0.213753718663781
"S_509_783",0.21754523642263
"S_509_786",0.192881273266572
"S_509_790",0.173517868822161
"S_509_793",0.245490080753842
"S_509_802",0.274110683501054
"S_509_804",0.755503155638892
"S_509_810",0.15564190242804
"S_509_811",0.612272343064558
"S_509_825",0.159124857603781
"S_509_829",0.152113786971494
"S_509_830",0.153479242131723
"S_509_836",0.534776750501464
"S_509_842",0.66274205689979
"S_509_845",0.637264047655226
"S_509_846",0.224419618508913
"S_509_849",0.18069861095701
"S_509_850",0.665653210559176
"S_509_853",0.220580617018546
"S_511_512",0.80103073113318
"S_511_521",0.747252683912774
"S_511_536",0.839134944007756
"S_511_538",0.868396724868294
"S_511_549",0.631964935949567
"S_511_553",0.874548480740883
"S_511_556",0.867871522913456
"S_511_559",0.71735544414097
"S_511_562",0.649304516197733
"S_511_569",0.840956589036069
"S_511_570",0.85953634001557
"S_511_577",0.674906301368265
"S_511_580",0.859459392228745
"S_511_592",0.525292796397848
"S_511_599",0.853381099188094
"S_511_607",0.625171210298686
"S_511_612",0.69501466024555
"S_511_628",0.715348888427504
"S_511_629",0.679835164340396
"S_511_636",0.644615556463698
"S_511_637",0.78902495668422
"S_511_640",0.675731630114324
"S_511_651",0.466838034095867
"S_511_658",0.85101192059461
"S_511_663",0.850823133102272
"S_511_666",0.820997133236868
"S_511_667",0.851598366827046
"S_511_670",0.775544416759623
"S_511_671",0.662149728594446
"S_511_686",0.868240844472775
"S_511_689",0.841470719460483
"S_511_694",0.806851642659807
"S_511_695",0.842090495176812
"S_511_698",0.808635736683173
"S_511_701",0.642164081740502
"S_511_702",0.825700644739581
"S_511_708",0.733043888433176
"S_511_720",0.688162532126366
"S_511_721",0.706141781989256
"S_511_722",0.720230648359905
"S_511_725",0.697793725685369
"S_511_731",0.68788214141449
"S_511_737",0.852427761160687
"S_511_754",0.644054205435796
"S_511_765",0.810993436600692
"S_511_779",0.848836864686491
"S_511_780",0.805629676209059
"S_511_783",0.768872222484578
"S_511_786",0.630803924034207
"S_511_790",0.732866929108502
"S_511_793",0.813988311602572
"S_511_802",0.859294169803072
"S_511_804",0.874046743606931
"S_511_810",0.685899297572718
"S_511_811",0.873819215775503
"S_511_825",0.688784270047501
"S_511_829",0.567780873571789
"S_511_830",0.576198243469123
"S_511_836",0.860788502256637
"S_511_842",0.87334248199564
"S_511_845",0.868919253372101
"S_511_846",0.583987664080853
"S_511_849",0.644886872295896
"S_511_850",0.873298460579345
"S_511_853",0.815854682596113
"S_512_521",0.374892078447696
"S_512_536",0.462951963016353
"S_512_538",0.786821663086861
"S_512_549",0.334089668523333
"S_512_553",0.812803412652328
"S_512_556",0.595858692086648
"S_512_559",0.34535792560789
"S_512_562",0.276961867334138
"S_512_569",0.506945187129519
"S_512_570",0.758254490669494
"S_512_577",0.290631759075146
"S_512_580",0.768534208102121
"S_512_592",0.265872528266589
"S_512_599",0.492685618428794
"S_512_607",0.293150544830307
"S_512_612",0.360308110082814
"S_512_628",0.299002925048498
"S_512_629",0.29566304791373
"S_512_636",0.284308092366066
"S_512_637",0.430579204441514
"S_512_640",0.295773087122778
"S_512_651",0.239652824519149
"S_512_658",0.606789830202314
"S_512_663",0.521511945370802
"S_512_666",0.433398426709418
"S_512_667",0.613593002224625
"S_512_670",0.325430425505501
"S_512_671",0.270149125640534
"S_512_686",0.825012792711801
"S_512_689",0.561027200461671
"S_512_694",0.592465509915765
"S_512_695",0.527199370805144
"S_512_698",0.486877647115648
"S_512_701",0.350439174304124
"S_512_702",0.582091462841227
"S_512_708",0.368274845495603
"S_512_720",0.292595770658318
"S_512_721",0.357760108667334
"S_512_722",0.283569668563337
"S_512_725",0.35881323784655
"S_512_731",0.300999444339957
"S_512_737",0.490005362778981
"S_512_754",0.303167475230315
"S_512_765",0.595231734465858
"S_512_779",0.530050165559903
"S_512_780",0.423216808997371
"S_512_783",0.393147329872397
"S_512_786",0.297355165939036
"S_512_790",0.309718084264338
"S_512_793",0.437291784639406
"S_512_802",0.592756267519072
"S_512_804",0.851430317037945
"S_512_810",0.293478874655554
"S_512_811",0.803378675704075
"S_512_825",0.304506288941375
"S_512_829",0.264539689261464
"S_512_830",0.271506817905952
"S_512_836",0.777721344903433
"S_512_842",0.703144751092353
"S_512_845",0.7852435624046
"S_512_846",0.33573797553955
"S_512_849",0.284211359054446
"S_512_850",0.743941933129278
"S_512_853",0.438439008546476
"S_521_536",0.556599242058521
"S_521_538",0.798932083704556
"S_521_549",0.395669210814472
"S_521_553",0.83756320529261
"S_521_556",0.63872997242696
"S_521_559",0.377500052214689
"S_521_562",0.283141202084476
"S_521_569",0.589016353325219
"S_521_570",0.759983894959491
"S_521_577",0.273250903429886
"S_521_580",0.766570869493447
"S_521_592",0.276125456900432
"S_521_599",0.568068751395158
"S_521_607",0.34416717764341
"S_521_612",0.502891708561156
"S_521_628",0.352570426016138
"S_521_629",0.350049012542906
"S_521_636",0.287746987680942
"S_521_637",0.587385134136859
"S_521_640",0.396533444925039
"S_521_651",0.241865678858437
"S_521_658",0.660819579405758
"S_521_663",0.559717436483147
"S_521_666",0.537969143091768
"S_521_667",0.633400490215288
"S_521_670",0.362249301317106
"S_521_671",0.285297261463627
"S_521_686",0.828894531527591
"S_521_689",0.568693403068794
"S_521_694",0.593593206577047
"S_521_695",0.606446639363874
"S_521_698",0.582027055763305
"S_521_701",0.445387656576938
"S_521_702",0.6287940736356
"S_521_708",0.419034878001918
"S_521_720",0.308837488938778
"S_521_721",0.48258129721549
"S_521_722",0.329078829863303
"S_521_725",0.490592395864384
"S_521_731",0.346709634428718
"S_521_737",0.583639428478944
"S_521_754",0.432077503663122
"S_521_765",0.622720688320559
"S_521_779",0.595438339892359
"S_521_780",0.534778414273113
"S_521_783",0.568322483316275
"S_521_786",0.364942397110266
"S_521_790",0.382253014323249
"S_521_793",0.575130942405592
"S_521_802",0.658269484045783
"S_521_804",0.850799633057367
"S_521_810",0.299863117257323
"S_521_811",0.825073143886312
"S_521_825",0.349794190710939
"S_521_829",0.256095181723423
"S_521_830",0.26437043694547
"S_521_836",0.784972263179363
"S_521_842",0.706002535380527
"S_521_845",0.782051737870195
"S_521_846",0.34433683944182
"S_521_849",0.317192982157673
"S_521_850",0.753026306531245
"S_521_853",0.593532740609572
"S_536_538",0.778631694056031
"S_536_549",0.323826120027545
"S_536_553",0.787091176580707
"S_536_556",0.578737778212736
"S_536_559",0.330305446121987
"S_536_562",0.254739490941668
"S_536_569",0.547453379356847
"S_536_570",0.677081887324554
"S_536_577",0.259527958353804
"S_536_580",0.675350485815134
"S_536_592",0.232629619696533
"S_536_599",0.518580587269783
"S_536_607",0.300804022551415
"S_536_612",0.386768422183438
"S_536_628",0.321516767901444
"S_536_629",0.309065632956784
"S_536_636",0.270395498530186
"S_536_637",0.514634541887145
"S_536_640",0.296270638627064
"S_536_651",0.20837445250213
"S_536_658",0.582950633633243
"S_536_663",0.518292167104166
"S_536_666",0.424563341644724
"S_536_667",0.612785679295951
"S_536_670",0.303008565070778
"S_536_671",0.269709179140083
"S_536_686",0.755602672469434
"S_536_689",0.541193819098381
"S_536_694",0.560749492402944
"S_536_695",0.570551239544979
"S_536_698",0.470767304711571
"S_536_701",0.351826717505188
"S_536_702",0.594863820548007
"S_536_708",0.348601314490679
"S_536_720",0.289515614782617
"S_536_721",0.364369328872847
"S_536_722",0.294145976803712
"S_536_725",0.367576293338668
"S_536_731",0.307109381512322
"S_536_737",0.454389332084063
"S_536_754",0.306991861001029
"S_536_765",0.590347511608024
"S_536_779",0.495941558212244
"S_536_780",0.461467613928351
"S_536_783",0.431096060683319
"S_536_786",0.302678579886398
"S_536_790",0.330360432654135
"S_536_793",0.494223285645277
"S_536_802",0.589968287785765
"S_536_804",0.831093099417654
"S_536_810",0.255142699649839
"S_536_811",0.7898530615432
"S_536_825",0.315432352800391
"S_536_829",0.215581463912235
"S_536_830",0.237639503741291
"S_536_836",0.708629700923386
"S_536_842",0.699548153907081
"S_536_845",0.673803793886642
"S_536_846",0.329582902115498
"S_536_849",0.277114133264381
"S_536_850",0.709115298201743
"S_536_853",0.435842569580966
"S_538_549",0.150682531740506
"S_538_553",0.524367955144439
"S_538_556",0.195867713233014
"S_538_559",0.152057709816283
"S_538_562",0.149498508169832
"S_538_569",0.181284866506472
"S_538_570",0.273304160250684
"S_538_577",0.149169622936502
"S_538_580",0.316109369869266
"S_538_592",0.150843994133064
"S_538_599",0.171020074682295
"S_538_607",0.149194492796336
"S_538_612",0.152216900848477
"S_538_628",0.141971182229404
"S_538_629",0.152721636855808
"S_538_636",0.145073526804171
"S_538_637",0.156226197199641
"S_538_640",0.145013939691417
"S_538_651",0.148841311012751
"S_538_658",0.20338044496956
"S_538_663",0.189654215803475
"S_538_666",0.160662068975578
"S_538_667",0.166830224592377
"S_538_670",0.164721212077405
"S_538_671",0.142687807276086
"S_538_686",0.494854238188318
"S_538_689",0.180317005953216
"S_538_694",0.164555580894741
"S_538_695",0.177524639051591
"S_538_698",0.180938694676789
"S_538_701",0.174938345550854
"S_538_702",0.16047090222146
"S_538_708",0.157700040733786
"S_538_720",0.149378831850543
"S_538_721",0.175930796747194
"S_538_722",0.14136812208686
"S_538_725",0.151606758106015
"S_538_731",0.145715647978124
"S_538_737",0.19613456274196
"S_538_754",0.15723714359751
"S_538_765",0.172669996740529
"S_538_779",0.195229854361171
"S_538_780",0.191552578497229
"S_538_783",0.153413063399861
"S_538_786",0.176106365408125
"S_538_790",0.141878527872717
"S_538_793",0.181571270221915
"S_538_802",0.166642238145171
"S_538_804",0.616969787178224
"S_538_810",0.14568953125742
"S_538_811",0.286172277383124
"S_538_825",0.147834465377975
"S_538_829",0.146996903363079
"S_538_830",0.145783873548019
"S_538_836",0.247889129193493
"S_538_842",0.361819904579805
"S_538_845",0.346470277060307
"S_538_846",0.215224738984814
"S_538_849",0.154487817320363
"S_538_850",0.426611870965392
"S_538_853",0.157680856743122
"S_549_553",0.87072286573315
"S_549_556",0.728217935234032
"S_549_559",0.467750573507868
"S_549_562",0.335341187182204
"S_549_569",0.693198193220065
"S_549_570",0.816042264887287
"S_549_577",0.335835454588269
"S_549_580",0.825974317633159
"S_549_592",0.308219135844714
"S_549_599",0.63671816049749
"S_549_607",0.459762984372393
"S_549_612",0.561523358331197
"S_549_628",0.578892034856121
"S_549_629",0.435101391200371
"S_549_636",0.382803263079502
"S_549_637",0.696303408331364
"S_549_640",0.571956580887584
"S_549_651",0.302841356854706
"S_549_658",0.72899922102052
"S_549_663",0.63641561534964
"S_549_666",0.662736486639069
"S_549_667",0.710969821775995
"S_549_670",0.455475535748477
"S_549_671",0.374054041270076
"S_549_686",0.851796044540404
"S_549_689",0.642441360238052
"S_549_694",0.658288465942404
"S_549_695",0.743083064891403
"S_549_698",0.715951214611567
"S_549_701",0.54757716643278
"S_549_702",0.694187726258685
"S_549_708",0.561921750673635
"S_549_720",0.403798401690173
"S_549_721",0.627920562566294
"S_549_722",0.564642130103781
"S_549_725",0.630836626591845
"S_549_731",0.440627984547141
"S_549_737",0.694063893003769
"S_549_754",0.468093178071199
"S_549_765",0.650619932147282
"S_549_779",0.655607360977032
"S_549_780",0.592305737129139
"S_549_783",0.680193384014032
"S_549_786",0.416915193163472
"S_549_790",0.537178051471917
"S_549_793",0.678580416558713
"S_549_802",0.756696810630608
"S_549_804",0.872111890799015
"S_549_810",0.37445759371911
"S_549_811",0.8553632137803
"S_549_825",0.425747655618438
"S_549_829",0.33999604471775
"S_549_830",0.356324020118578
"S_549_836",0.834683722768177
"S_549_842",0.791386819104875
"S_549_845",0.838407103459527
"S_549_846",0.377485436764176
"S_549_849",0.378329919463147
"S_549_850",0.81560576460059
"S_549_853",0.688812777892184
"S_553_556",0.16664960216012
"S_553_559",0.142799889323569
"S_553_562",0.138038473787347
"S_553_569",0.156891500705765
"S_553_570",0.188591266113093
"S_553_577",0.138834836068031
"S_553_580",0.199351805330407
"S_553_592",0.13761068714353
"S_553_599",0.150469480141243
"S_553_607",0.137605500139496
"S_553_612",0.139718549587557
"S_553_628",0.156317874166451
"S_553_629",0.140973998688839
"S_553_636",0.141504046615083
"S_553_637",0.160383598369399
"S_553_640",0.148087053218682
"S_553_651",0.143284051277323
"S_553_658",0.165103964360414
"S_553_663",0.171264142495526
"S_553_666",0.15220760332775
"S_553_667",0.148307266154521
"S_553_670",0.145182465707912
"S_553_671",0.138860240910384
"S_553_686",0.359353819265007
"S_553_689",0.148214017526341
"S_553_694",0.141497530731736
"S_553_695",0.179478806396199
"S_553_698",0.170382903378811
"S_553_701",0.141910136845068
"S_553_702",0.14462957841163
"S_553_708",0.152725944531037
"S_553_720",0.142369275644741
"S_553_721",0.15161602950834
"S_553_722",0.152978787505406
"S_553_725",0.146862109115834
"S_553_731",0.140279450727065
"S_553_737",0.170615472227479
"S_553_754",0.141552366634268
"S_553_765",0.150779168376541
"S_553_779",0.158168006139145
"S_553_780",0.146432035720902
"S_553_783",0.156129361027801
"S_553_786",0.142364086453654
"S_553_790",0.155758757894172
"S_553_793",0.157637636323324
"S_553_802",0.161465268215522
"S_553_804",0.573586809254883
"S_553_810",0.138844696375343
"S_553_811",0.201462824744203
"S_553_825",0.138849501193833
"S_553_829",0.135899297417958
"S_553_830",0.135978821251466
"S_553_836",0.178954323210738
"S_553_842",0.209314922198427
"S_553_845",0.219865141986958
"S_553_846",0.210351999214705
"S_553_849",0.140014728758475
"S_553_850",0.276915617762956
"S_553_853",0.160200093743094
"S_556_559",0.244747142600204
"S_556_562",0.191983250719953
"S_556_569",0.382524441088088
"S_556_570",0.595002586349397
"S_556_577",0.193079912818931
"S_556_580",0.641981489188804
"S_556_592",0.176565610549007
"S_556_599",0.349551264357587
"S_556_607",0.219974853982377
"S_556_612",0.268172018409126
"S_556_628",0.221380463759601
"S_556_629",0.202756367849459
"S_556_636",0.198191722162155
"S_556_637",0.343424958292959
"S_556_640",0.216245659554148
"S_556_651",0.174036089431819
"S_556_658",0.514978380001914
"S_556_663",0.349866512427109
"S_556_666",0.298741079739441
"S_556_667",0.522600919804885
"S_556_670",0.208267205581686
"S_556_671",0.189092306565162
"S_556_686",0.70284923001802
"S_556_689",0.395600174047713
"S_556_694",0.505873920500941
"S_556_695",0.464040330146737
"S_556_698",0.430858822535234
"S_556_701",0.258840536611126
"S_556_702",0.516204982875624
"S_556_708",0.263455122276621
"S_556_720",0.202468282979667
"S_556_721",0.275268073988377
"S_556_722",0.215310591336886
"S_556_725",0.253722705009902
"S_556_731",0.238965218218789
"S_556_737",0.352679293498226
"S_556_754",0.231012617057103
"S_556_765",0.469447097184799
"S_556_779",0.370595159732756
"S_556_780",0.291462512360142
"S_556_783",0.28496211575404
"S_556_786",0.258068475563627
"S_556_790",0.255170929695597
"S_556_793",0.343472523550407
"S_556_802",0.465862280171181
"S_556_804",0.765725853408953
"S_556_810",0.201989330153196
"S_556_811",0.670701518732258
"S_556_825",0.236640527524317
"S_556_829",0.177840044425588
"S_556_830",0.180573274067722
"S_556_836",0.627544995504851
"S_556_842",0.628497334963284
"S_556_845",0.643294923159377
"S_556_846",0.255084965308925
"S_556_849",0.200516489809
"S_556_850",0.672964658282688
"S_556_853",0.358564291691783
"S_559_562",0.335398117817243
"S_559_569",0.624717864231939
"S_559_570",0.793415776414021
"S_559_577",0.330894784956267
"S_559_580",0.788683258244158
"S_559_592",0.303163978936198
"S_559_599",0.630137857728957
"S_559_607",0.460383925049861
"S_559_612",0.544233070948958
"S_559_628",0.589199103335573
"S_559_629",0.461139730211659
"S_559_636",0.364369852621403
"S_559_637",0.685857949681311
"S_559_640",0.491259994880814
"S_559_651",0.287546649347205
"S_559_658",0.661299152336549
"S_559_663",0.62501999852836
"S_559_666",0.601128572537928
"S_559_667",0.676751961996825
"S_559_670",0.388158688133256
"S_559_671",0.346924905703134
"S_559_686",0.840518232031747
"S_559_689",0.649112935466873
"S_559_694",0.628041337049513
"S_559_695",0.700974960478399
"S_559_698",0.682491434685714
"S_559_701",0.540396044145197
"S_559_702",0.66079785055528
"S_559_708",0.538130710848834
"S_559_720",0.445339263680908
"S_559_721",0.576353957776122
"S_559_722",0.553192014211092
"S_559_725",0.581108500798822
"S_559_731",0.487810124688383
"S_559_737",0.651490335475909
"S_559_754",0.476888987844825
"S_559_765",0.600667727558157
"S_559_779",0.627645865925327
"S_559_780",0.576855683877192
"S_559_783",0.676020077760455
"S_559_786",0.453058866669583
"S_559_790",0.569892149639489
"S_559_793",0.61632864792275
"S_559_802",0.749710082343124
"S_559_804",0.8688823830514
"S_559_810",0.371137427147303
"S_559_811",0.840585834288056
"S_559_825",0.472244957176563
"S_559_829",0.317292719071704
"S_559_830",0.335099425790174
"S_559_836",0.802680057355246
"S_559_842",0.754994973271852
"S_559_845",0.808394052572878
"S_559_846",0.4050782510569
"S_559_849",0.378104132845086
"S_559_850",0.760991578079661
"S_559_853",0.673864447524426
"S_562_569",0.717988712017765
"S_562_570",0.839560039077156
"S_562_577",0.50053264944118
"S_562_580",0.819911139154478
"S_562_592",0.371393016505635
"S_562_599",0.671963041363284
"S_562_607",0.560375317398746
"S_562_612",0.544870162570507
"S_562_628",0.669744383969469
"S_562_629",0.54477822711929
"S_562_636",0.524382131864545
"S_562_637",0.700839189616268
"S_562_640",0.60892963775772
"S_562_651",0.372979955128317
"S_562_658",0.775331311679372
"S_562_663",0.683483978082852
"S_562_666",0.635709036026098
"S_562_667",0.72799090878926
"S_562_670",0.553703823777387
"S_562_671",0.487127031313645
"S_562_686",0.868616357010909
"S_562_689",0.683424171586604
"S_562_694",0.65803009582167
"S_562_695",0.730856457010795
"S_562_698",0.720663049024206
"S_562_701",0.581296645765371
"S_562_702",0.686372151297553
"S_562_708",0.596060635691318
"S_562_720",0.559273758540876
"S_562_721",0.607127842051741
"S_562_722",0.668915601517605
"S_562_725",0.5988519826496
"S_562_731",0.574894776005785
"S_562_737",0.711089173568786
"S_562_754",0.556804906404361
"S_562_765",0.68152350111155
"S_562_779",0.682294283563266
"S_562_780",0.625119921765334
"S_562_783",0.671778615366236
"S_562_786",0.563834799258686
"S_562_790",0.667630034333349
"S_562_793",0.665529135971299
"S_562_802",0.755540509785312
"S_562_804",0.873440134480004
"S_562_810",0.568285793950413
"S_562_811",0.859401248592223
"S_562_825",0.563627695480713
"S_562_829",0.437137826711031
"S_562_830",0.418977962101309
"S_562_836",0.847035393362447
"S_562_842",0.791302659624361
"S_562_845",0.837597987617885
"S_562_846",0.499526454494343
"S_562_849",0.524364507273876
"S_562_850",0.852556904149229
"S_562_853",0.688226733474331
"S_569_570",0.673831211645129
"S_569_577",0.207401873264237
"S_569_580",0.665113628220549
"S_569_592",0.193099238896277
"S_569_599",0.457499660881159
"S_569_607",0.209953579926621
"S_569_612",0.281137763065724
"S_569_628",0.245944822463192
"S_569_629",0.214853410486216
"S_569_636",0.20741340795506
"S_569_637",0.421302119543305
"S_569_640",0.216990672998376
"S_569_651",0.188419136355987
"S_569_658",0.549021957359205
"S_569_663",0.437307381238413
"S_569_666",0.338227737637239
"S_569_667",0.558250765711709
"S_569_670",0.222355758604543
"S_569_671",0.199845535917456
"S_569_686",0.755124815111317
"S_569_689",0.503281767921762
"S_569_694",0.504949139109584
"S_569_695",0.500792572975854
"S_569_698",0.436829296974339
"S_569_701",0.295321427302915
"S_569_702",0.548586531431687
"S_569_708",0.309066122366709
"S_569_720",0.213552935430477
"S_569_721",0.303012440910379
"S_569_722",0.221438193152285
"S_569_725",0.295413953520752
"S_569_731",0.215374331612659
"S_569_737",0.385590202906678
"S_569_754",0.253089106345167
"S_569_765",0.529213056795939
"S_569_779",0.430991121742339
"S_569_780",0.345427339030912
"S_569_783",0.345167336488039
"S_569_786",0.240374078758571
"S_569_790",0.27497220351528
"S_569_793",0.409459886081242
"S_569_802",0.566371320183366
"S_569_804",0.820407759599387
"S_569_810",0.199541782471127
"S_569_811",0.77453538187126
"S_569_825",0.238477673889124
"S_569_829",0.184864390108756
"S_569_830",0.189615118692607
"S_569_836",0.667606478899523
"S_569_842",0.686584684487243
"S_569_845",0.664904724130435
"S_569_846",0.254935935201555
"S_569_849",0.212914374857229
"S_569_850",0.737154320429849
"S_569_853",0.37402722757109
"S_570_577",0.167092666411393
"S_570_580",0.566583536531329
"S_570_592",0.148795453358822
"S_570_599",0.219215369269115
"S_570_607",0.159858020742407
"S_570_612",0.162730312712693
"S_570_628",0.228107458370552
"S_570_629",0.163829401787624
"S_570_636",0.164946779964314
"S_570_637",0.275805887936603
"S_570_640",0.168152419259808
"S_570_651",0.157572335857298
"S_570_658",0.287989851589049
"S_570_663",0.221368474252003
"S_570_666",0.187174665017373
"S_570_667",0.358468018729021
"S_570_670",0.170843716652856
"S_570_671",0.163311367124065
"S_570_686",0.718183949964157
"S_570_689",0.250390331462818
"S_570_694",0.310096522642196
"S_570_695",0.363889628817821
"S_570_698",0.281710944688687
"S_570_701",0.165219267862902
"S_570_702",0.25542277477002
"S_570_708",0.174411009781867
"S_570_720",0.167738279068842
"S_570_721",0.17456452798827
"S_570_722",0.20339547603845
"S_570_725",0.168623663479828
"S_570_731",0.165515832406565
"S_570_737",0.200757769261784
"S_570_754",0.158022061229293
"S_570_765",0.303350038560126
"S_570_779",0.2018113067883
"S_570_780",0.193741512025041
"S_570_783",0.219718243651218
"S_570_786",0.166907164158963
"S_570_790",0.228693031700397
"S_570_793",0.218484026663476
"S_570_802",0.363961067715272
"S_570_804",0.708873208712691
"S_570_810",0.163687759804614
"S_570_811",0.572050525445462
"S_570_825",0.163790888316108
"S_570_829",0.149289568215192
"S_570_830",0.156366033715812
"S_570_836",0.524535957777307
"S_570_842",0.700827478340442
"S_570_845",0.657011636345248
"S_570_846",0.217514881285576
"S_570_849",0.162744903837975
"S_570_850",0.700327615331307
"S_570_853",0.22534412925896
"S_577_580",0.818668522561324
"S_577_592",0.375747583071396
"S_577_599",0.675936846877373
"S_577_607",0.547673909976748
"S_577_612",0.537778489886507
"S_577_628",0.66786317020023
"S_577_629",0.559343970214639
"S_577_636",0.527030879852425
"S_577_637",0.700988527688568
"S_577_640",0.597612365299797
"S_577_651",0.380095590346162
"S_577_658",0.786695765220491
"S_577_663",0.667747740073902
"S_577_666",0.629264299426143
"S_577_667",0.721703231581462
"S_577_670",0.567444279517756
"S_577_671",0.492767781448738
"S_577_686",0.868519937368807
"S_577_689",0.684385307401022
"S_577_694",0.646758879355963
"S_577_695",0.740221637056413
"S_577_698",0.718861370783287
"S_577_701",0.588197625518191
"S_577_702",0.684461262648527
"S_577_708",0.5932513550103
"S_577_720",0.571562276294395
"S_577_721",0.595181942309486
"S_577_722",0.667380793074897
"S_577_725",0.590441166209936
"S_577_731",0.569837342107703
"S_577_737",0.68275554540474
"S_577_754",0.553277414499723
"S_577_765",0.703009323473354
"S_577_779",0.678471363095953
"S_577_780",0.616767435130031
"S_577_783",0.67957483901648
"S_577_786",0.566181951000566
"S_577_790",0.663318616697343
"S_577_793",0.664427453545491
"S_577_802",0.754594196012197
"S_577_804",0.871528521145931
"S_577_810",0.574313426214449
"S_577_811",0.859285291269715
"S_577_825",0.560080062669954
"S_577_829",0.482774394048434
"S_577_830",0.423974212210456
"S_577_836",0.842565579002551
"S_577_842",0.786018407096534
"S_577_845",0.834433003637415
"S_577_846",0.536682897267962
"S_577_849",0.541572182302083
"S_577_850",0.838141358588181
"S_577_853",0.692236567941111
"S_580_592",0.147963842056313
"S_580_599",0.206496969177329
"S_580_607",0.157582487940625
"S_580_612",0.151734384317186
"S_580_628",0.177075149345096
"S_580_629",0.162276821658197
"S_580_636",0.161414849242541
"S_580_637",0.199329504142202
"S_580_640",0.161763636782221
"S_580_651",0.152991799804333
"S_580_658",0.242689648482377
"S_580_663",0.195828193633776
"S_580_666",0.178866567924848
"S_580_667",0.220853414134088
"S_580_670",0.163367844389293
"S_580_671",0.154869041495427
"S_580_686",0.705101382954807
"S_580_689",0.201553411502034
"S_580_694",0.191691451711582
"S_580_695",0.223106548503092
"S_580_698",0.235815642436807
"S_580_701",0.182827410455261
"S_580_702",0.198201096179686
"S_580_708",0.186850980526188
"S_580_720",0.16646755869963
"S_580_721",0.187189919269188
"S_580_722",0.175934206767261
"S_580_725",0.168710235971398
"S_580_731",0.161154581288712
"S_580_737",0.212317999871676
"S_580_754",0.161218965405005
"S_580_765",0.194140476369626
"S_580_779",0.2116243350082
"S_580_780",0.195230204047552
"S_580_783",0.189781086076067
"S_580_786",0.175583274445745
"S_580_790",0.177962925164191
"S_580_793",0.196928997525899
"S_580_802",0.217164896678938
"S_580_804",0.736328422391549
"S_580_810",0.155116849739279
"S_580_811",0.381164254249138
"S_580_825",0.158134584324863
"S_580_829",0.147204465935198
"S_580_830",0.152587562565958
"S_580_836",0.357436879012656
"S_580_842",0.662750802804652
"S_580_845",0.611656634501618
"S_580_846",0.212988271757442
"S_580_849",0.170468365228953
"S_580_850",0.691329780569965
"S_580_853",0.208902122387817
"S_592_599",0.773740654912401
"S_592_607",0.668916190600657
"S_592_612",0.629847884503367
"S_592_628",0.730979821131365
"S_592_629",0.670336539338534
"S_592_636",0.698385505925392
"S_592_637",0.758587939699646
"S_592_640",0.738189576144704
"S_592_651",0.550541460920141
"S_592_658",0.827161329510646
"S_592_663",0.771034636191223
"S_592_666",0.772126284596902
"S_592_667",0.794146528419147
"S_592_670",0.694066270484831
"S_592_671",0.670921385223964
"S_592_686",0.864536105830044
"S_592_689",0.75613940059855
"S_592_694",0.741333380485845
"S_592_695",0.780894186251304
"S_592_698",0.764928038643807
"S_592_701",0.680716476395586
"S_592_702",0.78319142791576
"S_592_708",0.731802999144615
"S_592_720",0.710807657232372
"S_592_721",0.731199998924151
"S_592_722",0.732196316124353
"S_592_725",0.735093341686697
"S_592_731",0.723619628601373
"S_592_737",0.777229710412758
"S_592_754",0.60672191267259
"S_592_765",0.772273338148011
"S_592_779",0.786766201308755
"S_592_780",0.717535793739817
"S_592_783",0.750376299102911
"S_592_786",0.64251943652718
"S_592_790",0.741741562137307
"S_592_793",0.769545695897376
"S_592_802",0.797126848845124
"S_592_804",0.870558754221074
"S_592_810",0.674933238995651
"S_592_811",0.870419402013281
"S_592_825",0.682976937670677
"S_592_829",0.551586256771304
"S_592_830",0.613426039869462
"S_592_836",0.870835987608107
"S_592_842",0.81564192794259
"S_592_845",0.852233180977427
"S_592_846",0.560735540085398
"S_592_849",0.667684362863105
"S_592_850",0.853154347460522
"S_592_853",0.772461737297027
"S_599_607",0.263627566247219
"S_599_612",0.325892804587951
"S_599_628",0.360459853167161
"S_599_629",0.285913122524603
"S_599_636",0.22488927179853
"S_599_637",0.54285958117077
"S_599_640",0.273186609035638
"S_599_651",0.205744020800901
"S_599_658",0.577061304953671
"S_599_663",0.501207828542812
"S_599_666",0.416649190386746
"S_599_667",0.601090861479159
"S_599_670",0.243541910159548
"S_599_671",0.223543257282071
"S_599_686",0.760506796830471
"S_599_689",0.549405172205884
"S_599_694",0.553100538008568
"S_599_695",0.597602493187099
"S_599_698",0.580835812053588
"S_599_701",0.327339612538775
"S_599_702",0.57969221563689
"S_599_708",0.338794825794293
"S_599_720",0.271981116931591
"S_599_721",0.332054110364971
"S_599_722",0.348905697066673
"S_599_725",0.347925246178094
"S_599_731",0.276887299812212
"S_599_737",0.430181122363601
"S_599_754",0.301842875337866
"S_599_765",0.547718347014974
"S_599_779",0.481131650335008
"S_599_780",0.363916169965945
"S_599_783",0.461505486901021
"S_599_786",0.291851640192847
"S_599_790",0.339103846318695
"S_599_793",0.474545154463532
"S_599_802",0.660921344855183
"S_599_804",0.786465942629365
"S_599_810",0.262203941690975
"S_599_811",0.746985186596808
"S_599_825",0.268424019421931
"S_599_829",0.198332477019798
"S_599_830",0.208262128970528
"S_599_836",0.692231213579117
"S_599_842",0.717987871655955
"S_599_845",0.710033606721046
"S_599_846",0.301563628264613
"S_599_849",0.247678125139514
"S_599_850",0.727255159498478
"S_599_853",0.505936666415107
"S_607_612",0.563989296553476
"S_607_628",0.641667436439352
"S_607_629",0.484610354111664
"S_607_636",0.41439617382775
"S_607_637",0.689797776685806
"S_607_640",0.581493225862742
"S_607_651",0.326899152985819
"S_607_658",0.786021585829059
"S_607_663",0.653673728159321
"S_607_666",0.679905121781351
"S_607_667",0.738826143522973
"S_607_670",0.486721113586659
"S_607_671",0.391853851370817
"S_607_686",0.866712766564296
"S_607_689",0.675096772836473
"S_607_694",0.678569381424825
"S_607_695",0.747848635871651
"S_607_698",0.722476070192436
"S_607_701",0.570951340336145
"S_607_702",0.702339037151333
"S_607_708",0.60889930445389
"S_607_720",0.462409450090993
"S_607_721",0.647035407947606
"S_607_722",0.6100205633716
"S_607_725",0.64782464152502
"S_607_731",0.480277808160513
"S_607_737",0.705775073075918
"S_607_754",0.527318266610387
"S_607_765",0.686037955291666
"S_607_779",0.663050738220176
"S_607_780",0.608060730471306
"S_607_783",0.681091699026321
"S_607_786",0.468182763978417
"S_607_790",0.558989534928234
"S_607_793",0.680381099175644
"S_607_802",0.758183556381516
"S_607_804",0.872207152912332
"S_607_810",0.408564463425045
"S_607_811",0.855971563158644
"S_607_825",0.445208576999056
"S_607_829",0.362804632443603
"S_607_830",0.3697915682983
"S_607_836",0.854986120780994
"S_607_842",0.808668251930611
"S_607_845",0.846358968675584
"S_607_846",0.413276099581049
"S_607_849",0.379614838625771
"S_607_850",0.852526790841964
"S_607_853",0.684178032789295
"S_612_628",0.502377238467135
"S_612_629",0.365795433201737
"S_612_636",0.389577967553386
"S_612_637",0.724241115762105
"S_612_640",0.43980969874993
"S_612_651",0.270945556954917
"S_612_658",0.694452884624118
"S_612_663",0.663692367518106
"S_612_666",0.634432058776623
"S_612_667",0.751847814249356
"S_612_670",0.451733206853926
"S_612_671",0.373858745092041
"S_612_686",0.841683107340555
"S_612_689",0.637361386867297
"S_612_694",0.660876556504322
"S_612_695",0.725927284006238
"S_612_698",0.678544683318729
"S_612_701",0.415487990917507
"S_612_702",0.719187505734416
"S_612_708",0.493468322366933
"S_612_720",0.420804697815881
"S_612_721",0.504378500989222
"S_612_722",0.476523520414246
"S_612_725",0.525086934487967
"S_612_731",0.44896799687921
"S_612_737",0.659549966390207
"S_612_754",0.374790750842974
"S_612_765",0.620700961691883
"S_612_779",0.672930383875515
"S_612_780",0.563135210311631
"S_612_783",0.692722284995909
"S_612_786",0.359910277881881
"S_612_790",0.517037384899376
"S_612_793",0.653001950523451
"S_612_802",0.737620519817037
"S_612_804",0.872695169090101
"S_612_810",0.374632982735694
"S_612_811",0.853578023537841
"S_612_825",0.413215035881032
"S_612_829",0.319466707571281
"S_612_830",0.310920239224587
"S_612_836",0.834194022593629
"S_612_842",0.79714954514433
"S_612_845",0.793543655168225
"S_612_846",0.336433983513307
"S_612_849",0.358205425016987
"S_612_850",0.798809852983372
"S_612_853",0.705083576566171
"S_628_629",0.512458320218962
"S_628_636",0.398073152320767
"S_628_637",0.62308262463896
"S_628_640",0.471842951688953
"S_628_651",0.284460643812704
"S_628_658",0.790180618215488
"S_628_663",0.765816277199299
"S_628_666",0.70886293510451
"S_628_667",0.795294131833703
"S_628_670",0.576356159063167
"S_628_671",0.389551383007977
"S_628_686",0.858429207653036
"S_628_689",0.76310864278921
"S_628_694",0.740535562401655
"S_628_695",0.744923314438597
"S_628_698",0.675721271672075
"S_628_701",0.565616304189401
"S_628_702",0.753462944567697
"S_628_708",0.576677708843945
"S_628_720",0.455550766957607
"S_628_721",0.579511102080692
"S_628_722",0.474337246164776
"S_628_725",0.580875689792514
"S_628_731",0.450233043494172
"S_628_737",0.776369634963274
"S_628_754",0.542861298597379
"S_628_765",0.774267516476692
"S_628_779",0.774656335903073
"S_628_780",0.726576300358718
"S_628_783",0.6183640615347
"S_628_786",0.505220352370408
"S_628_790",0.440406795241687
"S_628_793",0.71680971283341
"S_628_802",0.796207365386762
"S_628_804",0.851736980172113
"S_628_810",0.439655970995773
"S_628_811",0.83474454645837
"S_628_825",0.475383621591477
"S_628_829",0.401325772491773
"S_628_830",0.402452902058526
"S_628_836",0.814904388413304
"S_628_842",0.839160717415059
"S_628_845",0.828677757846398
"S_628_846",0.484234319530419
"S_628_849",0.443141621205698
"S_628_850",0.848053940668542
"S_628_853",0.680185523549473
"S_629_636",0.413984268151067
"S_629_637",0.694400573020571
"S_629_640",0.523417886804603
"S_629_651",0.338994965167601
"S_629_658",0.66799777285354
"S_629_663",0.637724137057955
"S_629_666",0.623081226754455
"S_629_667",0.69640021682447
"S_629_670",0.443887327865755
"S_629_671",0.389941996805083
"S_629_686",0.840140901985443
"S_629_689",0.650739971527267
"S_629_694",0.64111308471307
"S_629_695",0.699101207595588
"S_629_698",0.702083333233954
"S_629_701",0.55006674123495
"S_629_702",0.668492814151392
"S_629_708",0.571073670756878
"S_629_720",0.417087914845996
"S_629_721",0.599791315794591
"S_629_722",0.595159052572571
"S_629_725",0.605579898242366
"S_629_731",0.504410997469288
"S_629_737",0.699725378141451
"S_629_754",0.512393708116275
"S_629_765",0.605162189131136
"S_629_779",0.653103803989538
"S_629_780",0.591400316370045
"S_629_783",0.681662178914568
"S_629_786",0.488951932203358
"S_629_790",0.567691565286345
"S_629_793",0.646012998070295
"S_629_802",0.751142682391745
"S_629_804",0.871253112124807
"S_629_810",0.399606180752638
"S_629_811",0.839826431300297
"S_629_825",0.469134539210354
"S_629_829",0.360668969620298
"S_629_830",0.389492416041164
"S_629_836",0.808470309592465
"S_629_842",0.762570193435763
"S_629_845",0.813678782009154
"S_629_846",0.432814044116023
"S_629_849",0.40131271125221
"S_629_850",0.791584280138918
"S_629_853",0.681469322079658
"S_636_637",0.711497040149105
"S_636_640",0.587844150308982
"S_636_651",0.360827065156345
"S_636_658",0.807498815469038
"S_636_663",0.769468259590672
"S_636_666",0.646193862664046
"S_636_667",0.784889307030026
"S_636_670",0.580054699987087
"S_636_671",0.443231421327398
"S_636_686",0.865555950353051
"S_636_689",0.768741089768793
"S_636_694",0.728405506985395
"S_636_695",0.736542897586192
"S_636_698",0.729484297746065
"S_636_701",0.582929513476596
"S_636_702",0.710382954917254
"S_636_708",0.603955627803693
"S_636_720",0.584404728216796
"S_636_721",0.582659337989209
"S_636_722",0.610467723730487
"S_636_725",0.589122707092463
"S_636_731",0.551035427572643
"S_636_737",0.765676458114928
"S_636_754",0.550819546653796
"S_636_765",0.763468426419099
"S_636_779",0.757641791632891
"S_636_780",0.709862005381152
"S_636_783",0.646815681222979
"S_636_786",0.552236217950348
"S_636_790",0.646034391977676
"S_636_793",0.648294784564019
"S_636_802",0.811247860578807
"S_636_804",0.857582764885187
"S_636_810",0.543229772098007
"S_636_811",0.844030543270159
"S_636_825",0.556492794627639
"S_636_829",0.434687650240349
"S_636_830",0.411314136819886
"S_636_836",0.830246118413384
"S_636_842",0.840651171365674
"S_636_845",0.851803997422486
"S_636_846",0.517047946657558
"S_636_849",0.491539099236709
"S_636_850",0.854724700510219
"S_636_853",0.662873438062269
"S_637_640",0.277129809382466
"S_637_651",0.200988938255253
"S_637_658",0.602491519624024
"S_637_663",0.518648480102974
"S_637_666",0.417548510070874
"S_637_667",0.59854901492983
"S_637_670",0.321165238566901
"S_637_671",0.23791619604085
"S_637_686",0.826994104706465
"S_637_689",0.551289466740542
"S_637_694",0.564208321103497
"S_637_695",0.55632301179545
"S_637_698",0.500594395425041
"S_637_701",0.341134850695148
"S_637_702",0.586380725493692
"S_637_708",0.374587768704588
"S_637_720",0.275384878593019
"S_637_721",0.333856034261664
"S_637_722",0.276228641504667
"S_637_725",0.352638806904408
"S_637_731",0.286494832065623
"S_637_737",0.463496120530751
"S_637_754",0.323195343875007
"S_637_765",0.616473650816787
"S_637_779",0.509559753577029
"S_637_780",0.422090533433345
"S_637_783",0.395226620023879
"S_637_786",0.288325875281259
"S_637_790",0.281614487952005
"S_637_793",0.467675371845232
"S_637_802",0.589101231762598
"S_637_804",0.83918871732759
"S_637_810",0.250412803542122
"S_637_811",0.817194561454803
"S_637_825",0.263564705194804
"S_637_829",0.23344355562034
"S_637_830",0.238135939700796
"S_637_836",0.760638979381737
"S_637_842",0.684478008291804
"S_637_845",0.762722605287023
"S_637_846",0.313943317707787
"S_637_849",0.272042960652094
"S_637_850",0.748197194623898
"S_637_853",0.457851368295491
"S_640_651",0.30398355938247
"S_640_658",0.778924660844624
"S_640_663",0.733212878485892
"S_640_666",0.599538550829986
"S_640_667",0.777107613074073
"S_640_670",0.50895839498173
"S_640_671",0.369113562011203
"S_640_686",0.864811867139711
"S_640_689",0.730244223636837
"S_640_694",0.638808329256496
"S_640_695",0.677812886224984
"S_640_698",0.66510594446202
"S_640_701",0.56796303946659
"S_640_702",0.675381964993126
"S_640_708",0.556171913281738
"S_640_720",0.464908339843731
"S_640_721",0.576311329418457
"S_640_722",0.496614602841057
"S_640_725",0.573947531431404
"S_640_731",0.438140880073934
"S_640_737",0.745400454628228
"S_640_754",0.526974799089832
"S_640_765",0.728475707830884
"S_640_779",0.73281129160863
"S_640_780",0.686182217164099
"S_640_783",0.620583470059715
"S_640_786",0.476704176459169
"S_640_790",0.474243332511622
"S_640_793",0.607251434070992
"S_640_802",0.733984974389119
"S_640_804",0.858496917336113
"S_640_810",0.415720313766193
"S_640_811",0.840037164910614
"S_640_825",0.42385924158632
"S_640_829",0.344377675747606
"S_640_830",0.342946097165506
"S_640_836",0.826540671508296
"S_640_842",0.828283062009218
"S_640_845",0.848688119138864
"S_640_846",0.418775020790805
"S_640_849",0.392028582194602
"S_640_850",0.856594294602342
"S_640_853",0.631958365144186
"S_651_658",0.847140679085994
"S_651_663",0.852030353056823
"S_651_666",0.844786482722138
"S_651_667",0.861597929924562
"S_651_670",0.794734733605029
"S_651_671",0.6458376260668
"S_651_686",0.869377918856004
"S_651_689",0.846104369390212
"S_651_694",0.832774687594414
"S_651_695",0.860433737947802
"S_651_698",0.851842518949943
"S_651_701",0.756815913700593
"S_651_702",0.860014633386114
"S_651_708",0.8090173684369
"S_651_720",0.789312965355954
"S_651_721",0.743959846764573
"S_651_722",0.711907864217051
"S_651_725",0.746088300567576
"S_651_731",0.706965277267784
"S_651_737",0.849442938896806
"S_651_754",0.74370668296928
"S_651_765",0.811753515719535
"S_651_779",0.858607565891827
"S_651_780",0.813734018866852
"S_651_783",0.832248867165183
"S_651_786",0.735653395225072
"S_651_790",0.740949452771874
"S_651_793",0.832520834555339
"S_651_802",0.871412689356686
"S_651_804",0.875631033508825
"S_651_810",0.65412145607245
"S_651_811",0.875083192455038
"S_651_825",0.663286894261514
"S_651_829",0.588630135635289
"S_651_830",0.601085469845571
"S_651_836",0.866029364183713
"S_651_842",0.875389381755912
"S_651_845",0.869424273029928
"S_651_846",0.593988889284556
"S_651_849",0.638777915436494
"S_651_850",0.875378675284504
"S_651_853",0.854666404781795
"S_658_663",0.319295050045898
"S_658_666",0.314353687763426
"S_658_667",0.565662737704153
"S_658_670",0.213237937013858
"S_658_671",0.182603802243459
"S_658_686",0.748073045230192
"S_658_689",0.395050479360854
"S_658_694",0.530074489016399
"S_658_695",0.518191969740666
"S_658_698",0.456172150435472
"S_658_701",0.239420920021789
"S_658_702",0.518331603064792
"S_658_708",0.231820747717051
"S_658_720",0.219365929015622
"S_658_721",0.248285325023337
"S_658_722",0.27416798400777
"S_658_725",0.234542283200217
"S_658_731",0.215955951633043
"S_658_737",0.386828572549358
"S_658_754",0.204071264246015
"S_658_765",0.449704930952352
"S_658_779",0.363332383718971
"S_658_780",0.269009096663748
"S_658_783",0.297524557268268
"S_658_786",0.228905149467043
"S_658_790",0.282907735322774
"S_658_793",0.290989370762283
"S_658_802",0.526045735365668
"S_658_804",0.777614720245895
"S_658_810",0.208602270605902
"S_658_811",0.738419159162193
"S_658_825",0.216753856691456
"S_658_829",0.176962313353664
"S_658_830",0.181205455237468
"S_658_836",0.659299022421889
"S_658_842",0.709929533615806
"S_658_845",0.673432425983753
"S_658_846",0.249080912487027
"S_658_849",0.203808794792931
"S_658_850",0.723217421657329
"S_658_853",0.371386106915709
"S_663_666",0.364654702530764
"S_663_667",0.567872566873959
"S_663_670",0.232619569787506
"S_663_671",0.213875223947975
"S_663_686",0.744235168294734
"S_663_689",0.453120587094264
"S_663_694",0.517660607336026
"S_663_695",0.565533868780892
"S_663_698",0.515238192581564
"S_663_701",0.303499656054786
"S_663_702",0.566325763896798
"S_663_708",0.310903726601752
"S_663_720",0.246231429807832
"S_663_721",0.324754518925114
"S_663_722",0.319829098117247
"S_663_725",0.3293824935689
"S_663_731",0.258344968596225
"S_663_737",0.407026237014463
"S_663_754",0.263314522207142
"S_663_765",0.520665589971219
"S_663_779",0.429406604594353
"S_663_780",0.324194315738741
"S_663_783",0.425921136139044
"S_663_786",0.259848570357066
"S_663_790",0.337113731077704
"S_663_793",0.391150755439891
"S_663_802",0.633619610584841
"S_663_804",0.769750246434409
"S_663_810",0.249888667235552
"S_663_811",0.729889400513366
"S_663_825",0.260309309415421
"S_663_829",0.190668231634364
"S_663_830",0.198209357300375
"S_663_836",0.676848145885263
"S_663_842",0.697602352184677
"S_663_845",0.689978976927845
"S_663_846",0.289636120912649
"S_663_849",0.215252291926082
"S_663_850",0.707042768072267
"S_663_853",0.485387432616929
"S_666_667",0.649882638021521
"S_666_670",0.316719469060726
"S_666_671",0.273618984200642
"S_666_686",0.789235967759329
"S_666_689",0.55765194829745
"S_666_694",0.576808315049087
"S_666_695",0.614838571661278
"S_666_698",0.549532478826829
"S_666_701",0.371454991236785
"S_666_702",0.620905539627047
"S_666_708",0.358295410742963
"S_666_720",0.312967258425725
"S_666_721",0.371103692499483
"S_666_722",0.316753680424434
"S_666_725",0.398846381081335
"S_666_731",0.326087176877345
"S_666_737",0.484335915366762
"S_666_754",0.329414786777848
"S_666_765",0.592098279985591
"S_666_779",0.530265028740563
"S_666_780",0.459192431738997
"S_666_783",0.513305590067001
"S_666_786",0.304734213042682
"S_666_790",0.345308054744679
"S_666_793",0.51389358297225
"S_666_802",0.611699540984926
"S_666_804",0.840827599711681
"S_666_810",0.260335483640498
"S_666_811",0.803780087284141
"S_666_825",0.316473036861063
"S_666_829",0.239860498941357
"S_666_830",0.269830743295088
"S_666_836",0.711930285059857
"S_666_842",0.742703453107309
"S_666_845",0.717798484665028
"S_666_846",0.32418999137265
"S_666_849",0.288392572665591
"S_666_850",0.751931438864221
"S_666_853",0.482405115489909
"S_667_670",0.216414691863399
"S_667_671",0.187889921482023
"S_667_686",0.766832903093908
"S_667_689",0.323353412425254
"S_667_694",0.4365821381794
"S_667_695",0.391522651619889
"S_667_698",0.354188741896833
"S_667_701",0.234743017824788
"S_667_702",0.399194691763296
"S_667_708",0.234630289658797
"S_667_720",0.195164783380057
"S_667_721",0.253726961780225
"S_667_722",0.244879158553667
"S_667_725",0.244241430640979
"S_667_731",0.206197250561194
"S_667_737",0.276341878179404
"S_667_754",0.230601400743714
"S_667_765",0.383522787505489
"S_667_779",0.294925488758758
"S_667_780",0.245774910162004
"S_667_783",0.308720212981065
"S_667_786",0.218200046089492
"S_667_790",0.253576444229721
"S_667_793",0.268526134791524
"S_667_802",0.397675733385119
"S_667_804",0.791489041225283
"S_667_810",0.192754111021265
"S_667_811",0.68155785657462
"S_667_825",0.205730144833047
"S_667_829",0.175318887774196
"S_667_830",0.183282950368367
"S_667_836",0.631709646693382
"S_667_842",0.720715476843074
"S_667_845",0.721736170479524
"S_667_846",0.241844878057789
"S_667_849",0.192312227244816
"S_667_850",0.736487146316833
"S_667_853",0.322696202183718
"S_670_671",0.468558871369439
"S_670_686",0.792575868656086
"S_670_689",0.641214930492122
"S_670_694",0.598665285258502
"S_670_695",0.708120335480665
"S_670_698",0.706481239420406
"S_670_701",0.575742428301374
"S_670_702",0.643551797819749
"S_670_708",0.602537933010495
"S_670_720",0.542918606162957
"S_670_721",0.611036423837407
"S_670_722",0.639687925744675
"S_670_725",0.597663129398825
"S_670_731",0.572106987204453
"S_670_737",0.625321693004819
"S_670_754",0.562404141374321
"S_670_765",0.608887238960345
"S_670_779",0.637174290442375
"S_670_780",0.58591934812958
"S_670_783",0.692787881364285
"S_670_786",0.536458914622744
"S_670_790",0.640682200226619
"S_670_793",0.636808341161636
"S_670_802",0.720503441505232
"S_670_804",0.842353690317091
"S_670_810",0.508910523104028
"S_670_811",0.831086625161477
"S_670_825",0.534022652294724
"S_670_829",0.440591907863123
"S_670_830",0.392842705049356
"S_670_836",0.716604047729489
"S_670_842",0.744607673780571
"S_670_845",0.727469326568407
"S_670_846",0.501668691818849
"S_670_849",0.480523095719924
"S_670_850",0.752995582062038
"S_670_853",0.680725038937573
"S_671_686",0.867709825366308
"S_671_689",0.785998271998052
"S_671_694",0.75382244932801
"S_671_695",0.769187462555107
"S_671_698",0.737371875001327
"S_671_701",0.604138520988111
"S_671_702",0.735190061612986
"S_671_708",0.62620134586535
"S_671_720",0.59785771354973
"S_671_721",0.622484173298517
"S_671_722",0.663359873229216
"S_671_725",0.618059430310287
"S_671_731",0.592372087646044
"S_671_737",0.781135941875365
"S_671_754",0.568186203332764
"S_671_765",0.765266298600613
"S_671_779",0.783171681668717
"S_671_780",0.746856324625632
"S_671_783",0.708889958966317
"S_671_786",0.579930357137292
"S_671_790",0.656448086088729
"S_671_793",0.699603025295696
"S_671_802",0.828183031589061
"S_671_804",0.87067160051014
"S_671_810",0.554708434022406
"S_671_811",0.856493792314784
"S_671_825",0.5633892091002
"S_671_829",0.465529608474916
"S_671_830",0.464941839994253
"S_671_836",0.841802578195727
"S_671_842",0.8575411437637
"S_671_845",0.853111473640329
"S_671_846",0.516935687647325
"S_671_849",0.516128518938227
"S_671_850",0.858793776077214
"S_671_853",0.711097421292544
"S_686_689",0.155798466792288
"S_686_694",0.149560869263959
"S_686_695",0.174809529520592
"S_686_698",0.175784310719273
"S_686_701",0.148838330239091
"S_686_702",0.153941322922465
"S_686_708",0.149666668349051
"S_686_720",0.142556599320397
"S_686_721",0.152304748346287
"S_686_722",0.143338736165052
"S_686_725",0.143111662510403
"S_686_731",0.139681487826192
"S_686_737",0.185279990445587
"S_686_754",0.149900413600728
"S_686_765",0.18427299574137
"S_686_779",0.183106557373073
"S_686_780",0.155690651684366
"S_686_783",0.150161312827732
"S_686_786",0.149420929017932
"S_686_790",0.146541726285883
"S_686_793",0.157064392733769
"S_686_802",0.156300957685434
"S_686_804",0.616600789686086
"S_686_810",0.139465947437281
"S_686_811",0.236014882638405
"S_686_825",0.139670475764277
"S_686_829",0.139680483869229
"S_686_830",0.139684744147586
"S_686_836",0.230230895530899
"S_686_842",0.253177726870112
"S_686_845",0.234931829407169
"S_686_846",0.21036682621388
"S_686_849",0.143332363496092
"S_686_850",0.322681344144447
"S_686_853",0.154961600323099
"S_689_694",0.53757176190158
"S_689_695",0.56005890386122
"S_689_698",0.486749266399314
"S_689_701",0.294968812360675
"S_689_702",0.537074830976804
"S_689_708",0.279727422813207
"S_689_720",0.216910052520752
"S_689_721",0.268783795000681
"S_689_722",0.279589081770148
"S_689_725",0.28863773700583
"S_689_731",0.216625496631139
"S_689_737",0.429758280729713
"S_689_754",0.236468029640035
"S_689_765",0.521601316915933
"S_689_779",0.390663252520792
"S_689_780",0.321901698164455
"S_689_783",0.395623338179439
"S_689_786",0.234952980124058
"S_689_790",0.300381637519204
"S_689_793",0.370618664336497
"S_689_802",0.646884071164793
"S_689_804",0.837382027450862
"S_689_810",0.215520011579952
"S_689_811",0.763360129096998
"S_689_825",0.213633574950497
"S_689_829",0.198001819148348
"S_689_830",0.204262006241133
"S_689_836",0.69397848481288
"S_689_842",0.723954757921132
"S_689_845",0.708966192085109
"S_689_846",0.257191457065681
"S_689_849",0.232945757813504
"S_689_850",0.762474155097022
"S_689_853",0.414380443758432
"S_694_695",0.522640123390856
"S_694_698",0.477452118453349
"S_694_701",0.265037867534155
"S_694_702",0.544326272121109
"S_694_708",0.309678140190771
"S_694_720",0.27885297716342
"S_694_721",0.32557111076363
"S_694_722",0.334992571769483
"S_694_725",0.316402402474855
"S_694_731",0.278312138037228
"S_694_737",0.379099365886361
"S_694_754",0.254714137727214
"S_694_765",0.442698933779039
"S_694_779",0.430438655855774
"S_694_780",0.284199811296056
"S_694_783",0.388355108697544
"S_694_786",0.244993622556306
"S_694_790",0.320427108678048
"S_694_793",0.341008558907496
"S_694_802",0.520659026377031
"S_694_804",0.85746960498784
"S_694_810",0.217698569151499
"S_694_811",0.762390797032992
"S_694_825",0.235103493268038
"S_694_829",0.200270919111865
"S_694_830",0.202232781505963
"S_694_836",0.71987627582532
"S_694_842",0.778178690791891
"S_694_845",0.766996822950031
"S_694_846",0.243577178420768
"S_694_849",0.215970817583912
"S_694_850",0.796653994515975
"S_694_853",0.397910708495708
"S_695_698",0.328913838198815
"S_695_701",0.197465722213563
"S_695_702",0.476546054451271
"S_695_708",0.212514425614146
"S_695_720",0.194825866202101
"S_695_721",0.218326342421444
"S_695_722",0.199718493114617
"S_695_725",0.211660648908098
"S_695_731",0.192182798472898
"S_695_737",0.366603952336071
"S_695_754",0.188472470555128
"S_695_765",0.477096792333295
"S_695_779",0.376882188702647
"S_695_780",0.286609187376613
"S_695_783",0.22973514555264
"S_695_786",0.189912239762697
"S_695_790",0.199572362714287
"S_695_793",0.341068174960079
"S_695_802",0.48326532242265
"S_695_804",0.798177748871261
"S_695_810",0.186374747698924
"S_695_811",0.746516051284548
"S_695_825",0.185996036820243
"S_695_829",0.176727669486878
"S_695_830",0.178250741180273
"S_695_836",0.724209777830637
"S_695_842",0.629009295292613
"S_695_845",0.654373170997379
"S_695_846",0.255413379905887
"S_695_849",0.187767266656658
"S_695_850",0.650791059736777
"S_695_853",0.284205458381897
"S_698_701",0.294154756748133
"S_698_702",0.507698130532292
"S_698_708",0.283588255598456
"S_698_720",0.208334713620196
"S_698_721",0.323364296936421
"S_698_722",0.227061477920263
"S_698_725",0.332078681904918
"S_698_731",0.23330527121545
"S_698_737",0.455018071985482
"S_698_754",0.298253988076538
"S_698_765",0.541210654325478
"S_698_779",0.484348540022804
"S_698_780",0.397134041502127
"S_698_783",0.357278367334944
"S_698_786",0.261460836668446
"S_698_790",0.252230161343273
"S_698_793",0.399385985498623
"S_698_802",0.56385884614443
"S_698_804",0.82037916292603
"S_698_810",0.199285180271909
"S_698_811",0.770892847590318
"S_698_825",0.232429466667407
"S_698_829",0.190816672514824
"S_698_830",0.190469745617102
"S_698_836",0.726810422874188
"S_698_842",0.640693163264336
"S_698_845",0.745646109428098
"S_698_846",0.27013189705328
"S_698_849",0.202362970461184
"S_698_850",0.71364346156017
"S_698_853",0.414938530031297
"S_701_702",0.672179934783456
"S_701_708",0.51303043255675
"S_701_720",0.357130075753984
"S_701_721",0.576350663556916
"S_701_722",0.468996540522007
"S_701_725",0.59127549694109
"S_701_731",0.374214937570538
"S_701_737",0.671816965030222
"S_701_754",0.423450604598994
"S_701_765",0.62256470498258
"S_701_779",0.634754553302874
"S_701_780",0.570252243035548
"S_701_783",0.645512038943684
"S_701_786",0.361056284149051
"S_701_790",0.507926692375292
"S_701_793",0.657164414533712
"S_701_802",0.732151468543324
"S_701_804",0.862307239474158
"S_701_810",0.336797139106346
"S_701_811",0.843741807977709
"S_701_825",0.378533989798045
"S_701_829",0.295309803062693
"S_701_830",0.299403800853645
"S_701_836",0.821244757312934
"S_701_842",0.77987542835418
"S_701_845",0.824073706406861
"S_701_846",0.342974067355541
"S_701_849",0.330608476938461
"S_701_850",0.804010399600673
"S_701_853",0.664915190242664
"S_702_708",0.236493557200723
"S_702_720",0.218896174967283
"S_702_721",0.256943263196113
"S_702_722",0.234203713125335
"S_702_725",0.276002602966739
"S_702_731",0.20561000522469
"S_702_737",0.383084404547472
"S_702_754",0.238668958106884
"S_702_765",0.470888368226804
"S_702_779",0.415692751116575
"S_702_780",0.313213135778429
"S_702_783",0.324298598764135
"S_702_786",0.224679380020073
"S_702_790",0.269691735865209
"S_702_793",0.293285050452053
"S_702_802",0.509893586043244
"S_702_804",0.839703945332153
"S_702_810",0.185463542459931
"S_702_811",0.795524777395355
"S_702_825",0.204384761748903
"S_702_829",0.185354676646073
"S_702_830",0.189477600422735
"S_702_836",0.706750532201026
"S_702_842",0.74736558460142
"S_702_845",0.725801914764275
"S_702_846",0.247469295974087
"S_702_849",0.200277970965167
"S_702_850",0.751681848307314
"S_702_853",0.384700713940413
"S_708_720",0.355010646063217
"S_708_721",0.545486466573478
"S_708_722",0.448353657237074
"S_708_725",0.552582019453421
"S_708_731",0.447014535000279
"S_708_737",0.613471529600142
"S_708_754",0.458375199056832
"S_708_765",0.587064611857928
"S_708_779",0.600758856704228
"S_708_780",0.557653733767724
"S_708_783",0.592309153500352
"S_708_786",0.431548582122701
"S_708_790",0.474683930683972
"S_708_793",0.593708791032111
"S_708_802",0.697993042844409
"S_708_804",0.854168956060269
"S_708_810",0.321378182040198
"S_708_811",0.814489726341411
"S_708_825",0.420540732404957
"S_708_829",0.280253729891623
"S_708_830",0.292100918064194
"S_708_836",0.782473993377888
"S_708_842",0.749245349461444
"S_708_845",0.796685627418787
"S_708_846",0.366545080169313
"S_708_849",0.343291698806075
"S_708_850",0.753722708284638
"S_708_853",0.603529356281522
"S_720_721",0.59112851790203
"S_720_722",0.592282390248046
"S_720_725",0.585415526511408
"S_720_731",0.53838243373181
"S_720_737",0.64134617287516
"S_720_754",0.525680857990824
"S_720_765",0.632947014982604
"S_720_779",0.638173230441753
"S_720_780",0.60153679014948
"S_720_783",0.639291052770413
"S_720_786",0.496833255071769
"S_720_790",0.614238790111881
"S_720_793",0.622622190477231
"S_720_802",0.731928027409348
"S_720_804",0.859356277107319
"S_720_810",0.436666226862198
"S_720_811",0.846186674600752
"S_720_825",0.519154895044634
"S_720_829",0.376384274639948
"S_720_830",0.378573975694075
"S_720_836",0.815785689341832
"S_720_842",0.782095247708856
"S_720_845",0.826970587745508
"S_720_846",0.472591819143601
"S_720_849",0.415687651337571
"S_720_850",0.833756763340018
"S_720_853",0.649330688882622
"S_721_722",0.385336393410369
"S_721_725",0.48445495113733
"S_721_731",0.351331226698614
"S_721_737",0.617879953565063
"S_721_754",0.404413844647773
"S_721_765",0.682884558900201
"S_721_779",0.625012725714673
"S_721_780",0.55226124156297
"S_721_783",0.589179887530431
"S_721_786",0.388512655427201
"S_721_790",0.440036211515039
"S_721_793",0.587255317108895
"S_721_802",0.674665191723406
"S_721_804",0.846914499876329
"S_721_810",0.306191796106906
"S_721_811",0.828961095844277
"S_721_825",0.342749204448197
"S_721_829",0.26185052257593
"S_721_830",0.268066611505822
"S_721_836",0.8118401445771
"S_721_842",0.812116361363471
"S_721_845",0.834913435488564
"S_721_846",0.338262024437533
"S_721_849",0.307969746048062
"S_721_850",0.823001315644486
"S_721_853",0.606053174654719
"S_722_725",0.588528110214619
"S_722_731",0.462099711371288
"S_722_737",0.778158693079121
"S_722_754",0.558864307041407
"S_722_765",0.771760653731297
"S_722_779",0.776565180522863
"S_722_780",0.734465675823418
"S_722_783",0.613037232782399
"S_722_786",0.531127197883801
"S_722_790",0.443135874913628
"S_722_793",0.729013551821106
"S_722_802",0.797411932692043
"S_722_804",0.85336153655596
"S_722_810",0.432833876761322
"S_722_811",0.834923929387145
"S_722_825",0.469788313960495
"S_722_829",0.384426031715223
"S_722_830",0.401484633440888
"S_722_836",0.82215036708895
"S_722_842",0.847287222683198
"S_722_845",0.837355010699238
"S_722_846",0.48331385221032
"S_722_849",0.434983074498761
"S_722_850",0.847929061844423
"S_722_853",0.720835206237674
"S_725_731",0.357213062583034
"S_725_737",0.64693376637896
"S_725_754",0.425062730923832
"S_725_765",0.715162732890756
"S_725_779",0.645996799230506
"S_725_780",0.561989813194547
"S_725_783",0.583621012781274
"S_725_786",0.381163703304533
"S_725_790",0.448376483369637
"S_725_793",0.604450372449376
"S_725_802",0.690358499877683
"S_725_804",0.854896499426096
"S_725_810",0.305993888111024
"S_725_811",0.838144945008756
"S_725_825",0.354090972833914
"S_725_829",0.270179847524661
"S_725_830",0.29047696416655
"S_725_836",0.822961948507866
"S_725_842",0.822577854137961
"S_725_845",0.848865569480486
"S_725_846",0.352188565172177
"S_725_849",0.326523821706136
"S_725_850",0.832523364513566
"S_725_853",0.626325188171239
"S_731_737",0.739966675599773
"S_731_754",0.528552662821309
"S_731_765",0.725704264273338
"S_731_779",0.732672604275211
"S_731_780",0.690407221971018
"S_731_783",0.660637498507009
"S_731_786",0.511286974018134
"S_731_790",0.567760343185077
"S_731_793",0.637335866963131
"S_731_802",0.760731398082592
"S_731_804",0.85889845995441
"S_731_810",0.427065014102994
"S_731_811",0.845613860770193
"S_731_825",0.482079962687836
"S_731_829",0.349178644508452
"S_731_830",0.355468861121976
"S_731_836",0.836305147767795
"S_731_842",0.835256431343741
"S_731_845",0.852438907200865
"S_731_846",0.426844219350609
"S_731_849",0.392488237032143
"S_731_850",0.856815233223649
"S_731_853",0.671137272844846
"S_737_754",0.301539709180256
"S_737_765",0.512031121421743
"S_737_779",0.522068825935284
"S_737_780",0.419153608338444
"S_737_783",0.436594996824631
"S_737_786",0.28388820847268
"S_737_790",0.297699757199918
"S_737_793",0.509680248548458
"S_737_802",0.554514873541152
"S_737_804",0.786183770621731
"S_737_810",0.248111127574275
"S_737_811",0.709926061221056
"S_737_825",0.257321267984164
"S_737_829",0.18247071358772
"S_737_830",0.192264204854431
"S_737_836",0.639460285196205
"S_737_842",0.658671207312153
"S_737_845",0.6418583503713
"S_737_846",0.292633623340164
"S_737_849",0.214025220217092
"S_737_850",0.678738673580598
"S_737_853",0.521581729999154
"S_754_765",0.642083770040099
"S_754_779",0.691153630211276
"S_754_780",0.626175769004994
"S_754_783",0.725235486558289
"S_754_786",0.427256101680736
"S_754_790",0.587200068016327
"S_754_793",0.673328289018955
"S_754_802",0.788035229500926
"S_754_804",0.870151359446106
"S_754_810",0.486855300610981
"S_754_811",0.863347429971079
"S_754_825",0.491924135965557
"S_754_829",0.344385750935015
"S_754_830",0.352369440250354
"S_754_836",0.828988490890778
"S_754_842",0.797021680197947
"S_754_845",0.840063343378461
"S_754_846",0.383816077721832
"S_754_849",0.401686634642265
"S_754_850",0.815511497499809
"S_754_853",0.721017895130272
"S_765_779",0.4689426173909
"S_765_780",0.350895216732006
"S_765_783",0.424050918063664
"S_765_786",0.245280455199543
"S_765_790",0.322374553846831
"S_765_793",0.438679444866592
"S_765_802",0.626699265339621
"S_765_804",0.799207909129185
"S_765_810",0.264562818374919
"S_765_811",0.765738344273231
"S_765_825",0.283899437208224
"S_765_829",0.193443918364885
"S_765_830",0.262358576735571
"S_765_836",0.772444998706951
"S_765_842",0.77445776468617
"S_765_845",0.748303241675249
"S_765_846",0.242809409396875
"S_765_849",0.276266630383631
"S_765_850",0.773995690164746
"S_765_853",0.43286813606367
"S_779_780",0.390828657354539
"S_779_783",0.436092044534943
"S_779_786",0.23887876366053
"S_779_790",0.313415340548307
"S_779_793",0.450052284391384
"S_779_802",0.583399730023502
"S_779_804",0.77030993642344
"S_779_810",0.210425571789209
"S_779_811",0.697418645112964
"S_779_825",0.248772263466971
"S_779_829",0.186176808826594
"S_779_830",0.194975509917517
"S_779_836",0.667182595317366
"S_779_842",0.705787103694417
"S_779_845",0.694360906495565
"S_779_846",0.253956462287204
"S_779_849",0.205572733106827
"S_779_850",0.711689227597404
"S_779_853",0.467872196389296
"S_780_783",0.552749810982736
"S_780_786",0.347324170221774
"S_780_790",0.428762815356124
"S_780_793",0.621799348196029
"S_780_802",0.669782105729061
"S_780_804",0.835667370154209
"S_780_810",0.303614408930687
"S_780_811",0.767600802468799
"S_780_825",0.33031264842569
"S_780_829",0.261526532848625
"S_780_830",0.265768184442251
"S_780_836",0.712920977856916
"S_780_842",0.747799660589558
"S_780_845",0.738221766134477
"S_780_846",0.30081364003367
"S_780_849",0.305441769456094
"S_780_850",0.776685144212594
"S_780_853",0.595976571819073
"S_783_786",0.32796510853896
"S_783_790",0.342659252695343
"S_783_793",0.547355893016101
"S_783_802",0.612524193044127
"S_783_804",0.842005480695934
"S_783_810",0.283592115303786
"S_783_811",0.818873501825168
"S_783_825",0.309868211266053
"S_783_829",0.244195000240287
"S_783_830",0.257695143586376
"S_783_836",0.78120377088614
"S_783_842",0.704216065501416
"S_783_845",0.780208669435028
"S_783_846",0.337127554715133
"S_783_849",0.295456802453306
"S_783_850",0.743970367494064
"S_783_853",0.533653345562236
"S_786_790",0.604765770880388
"S_786_793",0.672261518966563
"S_786_802",0.769850100045283
"S_786_804",0.8621929407089
"S_786_810",0.433896375670634
"S_786_811",0.851938092870596
"S_786_825",0.429727864075464
"S_786_829",0.336111025794014
"S_786_830",0.328505647274457
"S_786_836",0.823863679071236
"S_786_842",0.787282099966308
"S_786_845",0.827877150464646
"S_786_846",0.380680030780389
"S_786_849",0.38200749488931
"S_786_850",0.804827819415898
"S_786_853",0.711971433784562
"S_790_793",0.726776420622332
"S_790_802",0.822060625333491
"S_790_804",0.849642489360284
"S_790_810",0.447081195440534
"S_790_811",0.830360041864441
"S_790_825",0.485516869825259
"S_790_829",0.366777979635443
"S_790_830",0.367767601202261
"S_790_836",0.814401414388559
"S_790_842",0.834855840646637
"S_790_845",0.827710994179926
"S_790_846",0.464815263342505
"S_790_849",0.417308840340321
"S_790_850",0.844122814358508
"S_790_853",0.726574712165686
"S_793_802",0.556471960228463
"S_793_804",0.841755383237124
"S_793_810",0.268796359607185
"S_793_811",0.795806650382229
"S_793_825",0.278247996946222
"S_793_829",0.228228938871308
"S_793_830",0.233845403042016
"S_793_836",0.750713673970884
"S_793_842",0.703573228488971
"S_793_845",0.700303108612873
"S_793_846",0.299365961089396
"S_793_849",0.263033840876948
"S_793_850",0.740911243082292
"S_793_853",0.462384271585575
"S_802_804",0.80839518721161
"S_802_810",0.194116813412371
"S_802_811",0.704904466133801
"S_802_825",0.207060478012347
"S_802_829",0.18603931818039
"S_802_830",0.20904544544777
"S_802_836",0.662812649752092
"S_802_842",0.66720113777749
"S_802_845",0.65891633462338
"S_802_846",0.276846998545361
"S_802_849",0.223066756621648
"S_802_850",0.69490992110598
"S_802_853",0.327875653660732
"S_804_810",0.139157668344923
"S_804_811",0.201455064260671
"S_804_825",0.139215874378818
"S_804_829",0.139002352435919
"S_804_830",0.138992366151133
"S_804_836",0.195340761887631
"S_804_842",0.180652350650956
"S_804_845",0.195704544016738
"S_804_846",0.212674655029977
"S_804_849",0.144218962117501
"S_804_850",0.225513646477259
"S_804_853",0.164406584417193
"S_810_811",0.858419894238157
"S_810_825",0.501148825145409
"S_810_829",0.384511148348183
"S_810_830",0.37639063583602
"S_810_836",0.84247425954789
"S_810_842",0.838259154841685
"S_810_845",0.854082224534482
"S_810_846",0.486299884734715
"S_810_849",0.459035896746157
"S_810_850",0.857236102500738
"S_810_853",0.698269899434966
"S_811_825",0.148495313559057
"S_811_829",0.140123045178284
"S_811_830",0.143229684008056
"S_811_836",0.41385883842434
"S_811_842",0.626997315116706
"S_811_845",0.586861073331701
"S_811_846",0.212935417195181
"S_811_849",0.152034032065947
"S_811_850",0.639765645160943
"S_811_853",0.198129870730121
"S_825_829",0.362736081909459
"S_825_830",0.358744762125217
"S_825_836",0.839915050137817
"S_825_842",0.833561145873613
"S_825_845",0.85297188984085
"S_825_846",0.421700850449796
"S_825_849",0.412228650026198
"S_825_850",0.842613367198285
"S_825_853",0.692263184901878
"S_829_830",0.472643230781247
"S_829_836",0.860098033225961
"S_829_842",0.854351735628343
"S_829_845",0.867788909511916
"S_829_846",0.54381867662616
"S_829_849",0.581470158237604
"S_829_850",0.862706735181056
"S_829_853",0.773705195003176
"S_830_836",0.858425298067053
"S_830_842",0.848433062340185
"S_830_845",0.86515789690261
"S_830_846",0.546514630131596
"S_830_849",0.55933947429576
"S_830_850",0.860838738877906
"S_830_853",0.7440543118393
"S_836_842",0.69970862696347
"S_836_845",0.653169516840977
"S_836_846",0.210923771091454
"S_836_849",0.156836750495413
"S_836_850",0.703129716751879
"S_836_853",0.197860516006612
"S_842_845",0.403114325346905
"S_842_846",0.223328099752649
"S_842_849",0.175123005057529
"S_842_850",0.522872083950445
"S_842_853",0.205779985723516
"S_845_846",0.210351999214705
"S_845_849",0.149110464566376
"S_845_850",0.480627681757777
"S_845_853",0.172018237768087
"S_846_849",0.508814012651762
"S_846_850",0.787716585059718
"S_846_853",0.617550241666917
"S_849_850",0.852974686584052
"S_849_853",0.698709038097639
"S_850_853",0.185910805058604
